cardtitle_default,PLAYERCARDS_TITLE_FNG,iw5_cardtitle_camo_classic,1,1,1,,default,CHALLENGE_DESC_UNLOCKED_BY_DEFAULT,
cardtitle_ssdd,PLAYERCARDS_TITLE_SSDD,iw5_cardtitle_camo_snow,1,1,1,,LEVEL UP,,
cardtitle_20,PLAYERCARDS_TITLE_20,iw5_cardtitle_camo_multi,1,1,1,,LEVEL UP,,
cardtitle_30,PLAYERCARDS_TITLE_30,iw5_cardtitle_camo_urban,1,1,1,,LEVEL UP,,
cardtitle_40,PLAYERCARDS_TITLE_40,iw5_cardtitle_camo_hex,1,1,1,,LEVEL UP,,
cardtitle_50,PLAYERCARDS_TITLE_50,iw5_cardtitle_camo_choco,1,1,1,,LEVEL UP,,
cardtitle_60,PLAYERCARDS_TITLE_60,iw5_cardtitle_camo_marine,1,1,1,,LEVEL UP,,
cardtitle_70,PLAYERCARDS_TITLE_70,iw5_cardtitle_camo_snake,1,1,1,,LEVEL UP,,
cardtitle_20a,PLAYERCARDS_TITLE_20A,iw5_cardtitle_duel,1,1,1,,LEVEL UP,CHALLENGE_DESC_PRESTIGE_1_LEVEL_25,
cardtitle_30a,PLAYERCARDS_TITLE_30A,iw5_cardtitle_sniper_d,1,1,1,,LEVEL UP,CHALLENGE_DESC_PRESTIGE_1_LEVEL_35,
cardtitle_40a,PLAYERCARDS_TITLE_40A,iw5_cardtitle_joint_skulls,1,1,1,,LEVEL UP,CHALLENGE_DESC_PRESTIGE_1_LEVEL_45,
cardtitle_50a,PLAYERCARDS_TITLE_50A,iw5_cardtitle_reptile,1,1,1,,LEVEL UP,CHALLENGE_DESC_PRESTIGE_1_LEVEL_55,
cardtitle_60a,PLAYERCARDS_TITLE_60A,iw5_cardtitle_whale,1,1,1,,LEVEL UP,CHALLENGE_DESC_PRESTIGE_1_LEVEL_65,
cardtitle_70a,PLAYERCARDS_TITLE_70A,iw5_cardtitle_gargole,1,1,1,,LEVEL UP,CHALLENGE_DESC_PRESTIGE_1_LEVEL_75,
cardtitle_prestige1,PLAYERCARDS_TITLE_PRESTIGE1,iw5_cardtitle_money_05,1,1,1,ch_prestige,LEVEL UP,CHALLENGE_DESC_PRESTIGE_1,
cardtitle_prestige2,PLAYERCARDS_TITLE_PRESTIGE2,iw5_cardtitle_money_04,1,1,1,ch_prestige_2,LEVEL UP,CHALLENGE_DESC_PRESTIGE_2,
cardtitle_prestige3,PLAYERCARDS_TITLE_PRESTIGE3,iw5_cardtitle_money_10,1,1,1,ch_prestige_3,LEVEL UP,CHALLENGE_DESC_PRESTIGE_3,
cardtitle_prestige4,PLAYERCARDS_TITLE_PRESTIGE4,iw5_cardtitle_money_07,1,1,1,ch_prestige_4,LEVEL UP,CHALLENGE_DESC_PRESTIGE_4,
cardtitle_prestige5,PLAYERCARDS_TITLE_PRESTIGE5,iw5_cardtitle_money_09,1,1,1,ch_prestige_5,LEVEL UP,CHALLENGE_DESC_PRESTIGE_5,
cardtitle_prestige6,PLAYERCARDS_TITLE_PRESTIGE6,iw5_cardtitle_money_08,1,1,1,ch_prestige_6,LEVEL UP,CHALLENGE_DESC_PRESTIGE_6,
cardtitle_prestige7,PLAYERCARDS_TITLE_PRESTIGE7,iw5_cardtitle_money_06,1,1,1,ch_prestige_7,LEVEL UP,CHALLENGE_DESC_PRESTIGE_7,
cardtitle_prestige8,PLAYERCARDS_TITLE_PRESTIGE8,iw5_cardtitle_money_11,1,1,1,ch_prestige_8,LEVEL UP,CHALLENGE_DESC_PRESTIGE_8,
cardtitle_prestige9,PLAYERCARDS_TITLE_PRESTIGE9,iw5_cardtitle_money_12,1,1,1,ch_prestige_9,LEVEL UP,CHALLENGE_DESC_PRESTIGE_9,
cardtitle_prestige10,PLAYERCARDS_TITLE_PRESTIGE10,iw5_cardtitle_money_13,1,1,1,ch_prestige_10,LEVEL UP,CHALLENGE_DESC_PRESTIGE_10,
cardtitle_prpurchase_title1,PLAYERCARDS_TITLE_PRPURCHASE1,iw5_cardtitle_money_01,1,1,1,ch_prPurchase_title1,,CHALLENGE_DESC_BEGINNER_PACKAGE,
cardtitle_prpurchase_title2,PLAYERCARDS_TITLE_PRPURCHASE2,iw5_cardtitle_money_02,1,1,1,ch_prPurchase_title2,,CHALLENGE_DESC_TOP_NOTCH_PACKAGE,
cardtitle_prpurchase_title3,PLAYERCARDS_TITLE_PRPURCHASE3,iw5_cardtitle_money_03,1,1,1,ch_prPurchase_title3,,CHALLENGE_DESC_REAL_DEAL_PACKAGE,
cardtitle_elite_08,,iw5_cardtitle_elite_11_green,1,1,1,# elite,,CHALLENGE_DESC_ELITE_TITLE_8,
cardtitle_elite_02,,iw5_cardtitle_elite_11,1,1,1,# elite,,CHALLENGE_DESC_ELITE_TITLE_2,
cardtitle_elite_01,,iw5_cardtitle_elite_01,1,1,1,# elite,,CHALLENGE_DESC_ELITE_TITLE_1,
cardtitle_elite_04,,iw5_cardtitle_elite_04,1,1,1,# elite,,CHALLENGE_DESC_ELITE_TITLE_4,
cardtitle_elite_05,,iw5_cardtitle_elite_05,1,1,1,# elite,,CHALLENGE_DESC_ELITE_TITLE_5,
cardtitle_elite_06,,iw5_cardtitle_elite_06,1,1,1,# elite,,CHALLENGE_DESC_ELITE_TITLE_6,
cardtitle_elite_07,,iw5_cardtitle_elite_10,1,1,1,# elite,,CHALLENGE_DESC_ELITE_TITLE_7,
cardtitle_sidekick,PLAYERCARDS_TITLE_SIDEKICK,iw5_cardtitle_pistol_01,1,1,1,ch_sidekick,99 - Secret,,
cardtitle_nbk,PLAYERCARDS_TITLE_NBK,iw5_cardtitle_sniper_cap,1,1,1,ch_nbk,5 - Precision,,
cardtitle_flyswatter,PLAYERCARDS_TITLE_FLYSWATTER,iw5_cardtitle_missile_01,1,1,1,ch_flyswatter,1 - basic,,
cardtitle_earlydetection,PLAYERCARDS_TITLE_EARLYDETECTION,iw5_cardtitle_uav,1,1,1,ch_bombplanter,2 - game modes,,
cardtitle_clusterbomb,PLAYERCARDS_TITLE_CLUSTERBOMB,iw5_cardtitle_russian_military_d,1,1,1,ch_carpetbomb,10 - Intimidation,,
cardtitle_rival,PLAYERCARDS_TITLE_RIVAL,iw5_cardtitle_boa,1,1,1,ch_rival,7 - Humiliation,,
cardtitle_concussive,PLAYERCARDS_TITLE_NO1_STUNNER,iw5_cardtitle_explosion_a,1,1,1,ch_thinkfastconcussion,7 - Humiliation,,
cardtitle_denier,PLAYERCARDS_TITLE_DENIER,iw5_cardtitle_sabot,1,1,1,ch_thedenier,10 - Intimidation,,
cardtitle_hotshot,PLAYERCARDS_TITLE_SO_INTENSE,iw5_cardtitle_double_rainbow,1,1,1,ch_hero,2 - game modes,,
cardtitle_fastswap,PLAYERCARDS_TITLE_QUICKDRAW,iw5_cardtitle_pistol_02,1,1,1,ch_fastswap,9 - Elite,,
cardtitle_absenteekiller,PLAYERCARDS_TITLE_ABSENTEEKILLER,iw5_cardtitle_pmc_a,1,1,1,ch_absentee,6 - Finishing Moves,,
cardtitle_enemyofthestate,PLAYERCARDS_TITLE_ENEMYOF,iw5_cardtitle_pmc_a,1,1,1,ch_enemyofthestate,9 - Elite,,
cardtitle_bombsaway,PLAYERCARDS_TITLE_BOMBSAWAY,iw5_cardtitle_stealth_bomber,1,1,1,ch_redcarpet,10 - Intimidation,,
cardtitle_madbomber,PLAYERCARDS_TITLE_MADBOMBER,iw5_cardtitle_dynamite,1,1,1,ch_saboteur,2 - game modes,,
cardtitle_explosiveordinance,PLAYERCARDS_TITLE_EXPLOSIVE_ORDINANCE,iw5_cardtitle_dynamite,1,1,1,ch_victor_sd_2,2 - game modes,,
cardtitle_afterburner,PLAYERCARDS_TITLE_AFTERBURNER,iw5_cardtitle_afterburner,1,1,1,ch_afterburner,10 - Intimidation,,
cardtitle_deathfromabove,PLAYERCARDS_TITLE_DEATH_FROM_ABOVE,cardtitle_ac130_1,1,1,1,ch_deathfromabove,6 - Finishing Moves,,
cardtitle_invincible,PLAYERCARDS_TITLE_INVINCIBLE,iw5_cardtitle_us_abrams,1,1,1,ch_invincible,9 - Elite,,
cardtitle_hardtarget,PLAYERCARDS_TITLE_HARDTARGET,iw5_cardtitle_us_abrams,1,1,1,ch_airborne,5 - Precision,,
cardtitle_wargasm,PLAYERCARDS_TITLE_WARGASM,iw5_cardtitle_us_abrams,1,1,1,ch_wargasm,10 - Intimidation,,
cardtitle_avenger,PLAYERCARDS_TITLE_AVENGER,iw5_cardtitle_gungirl,1,1,1,ch_avenger,99 - Secret,,
cardtitle_tagyoureit,PLAYERCARDS_TITLE_TAGYOUREIT,iw5_cardtitle_gungirl,1,1,1,ch_hotpotato,7 - Humiliation,,
cardtitle_bombshell,PLAYERCARDS_TITLE_LAYING_THE_BOOM,iw5_cardtitle_boombox,1,1,1,ch_bombdown,2 - game modes,,
cardtitle_technokiller,PLAYERCARDS_TITLE_TECHNOKILLER,iw5_cardtitle_boombox,1,1,1,ch_technokiller,6 - Finishing Moves,,
cardtitle_og,PLAYERCARDS_TITLE_OG,iw5_cardtitle_boombox,1,1,1,ch_og,6 - Finishing Moves,,
cardtitle_dronekiller,PLAYERCARDS_TITLE_SMILE_FOR_THE_CAMERA,iw5_cardtitle_smile,1,1,1,ch_dronekiller,6 - Finishing Moves,,
cardtitle_unbelievable,PLAYERCARDS_TITLE_UNBELIEVABLE,iw5_cardtitle_smile,1,1,1,ch_unbelievable,6 - Finishing Moves,,
cardtitle_blunttrauma,PLAYERCARDS_TITLE_BLUNTTRAUMA,iw5_cardtitle_skullwings,1,1,1,ch_shieldvet,,,
cardtitle_owned,PLAYERCARDS_TITLE_OWNED,iw5_cardtitle_skullwings,1,1,1,ch_owned,6 - Finishing Moves,,
cardtitle_topgun,PLAYERCARDS_TITLE_TOPGUN,iw5_cardtitle_blackhawk_helicopter,1,1,0.7,ch_airsuperiority,10 - Intimidation,,
cardtitle_livelong,PLAYERCARDS_TITLE_LIVELONG,iw5_cardtitle_blood_cells,1,1,1,ch_survivalist,9 - Elite,,
cardtitle_flatliner,PLAYERCARDS_TITLE_FLATLINER,iw5_cardtitle_blood_cells,1,1,1,ch_thebrink,9 - Elite,,
cardtitle_bob,PLAYERCARDS_TITLE_BAND_OF_BROTHERS,iw5_cardtitle_blood_cells,1,1,1,ch_teamplayer_2,2 - game modes,,
cardtitle_stungun,PLAYERCARDS_TITLE_STUNGUN,iw5_cardtitle_babybeluga,1,1,0.7,ch_slowbutsure,7 - Humiliation,,
cardtitle_stickman,PLAYERCARDS_TITLE_STICKMAN,iw5_cardtitle_cartepillar,1,1,1,ch_stickman,6 - Finishing Moves,,
cardtitle_stuckonyou,PLAYERCARDS_TITLE_STUCKONYOU,iw5_cardtitle_cartepillar,1,1,1,ch_bullseye_2,4 - Equipment,,
cardtitle_itspersonal,PLAYERCARDS_TITLE_ITSPERSONAL,iw5_cardtitle_knife,1,1,1,ch_its_personal,4 - Equipment,,
cardtitle_newjack,PLAYERCARDS_TITLE_NEWJACK,iw5_cardtitle_knife,1,1,1,ch_atm,8 - Payback,,
cardtitle_legend,PLAYERCARDS_TITLE_LEGEND,iw5_cardtitle_knife,1,1,1,ch_lastmanstanding,2 - game modes,,
cardtitle_transformer,PLAYERCARDS_TITLE_TRANSFORMER,iw5_cardtitle_knife,1,1,1,ch_transformer,6 - Finishing Moves,,
cardtitle_mastatdon,PLAYERCARDS_TITLE_MASTADON,iw5_cardtitle_mastodon,1,1,1,ch_starplayer,9 - Elite,,
cardtitle_allyourbase,PLAYERCARDS_TITLE_ALLYOURBASE,iw5_cardtitle_bulletbelt,1,1,1,ch_extremecruelty,7 - Humiliation,,
cardtitle_biggertheyare,PLAYERCARDS_TITLE_BIGGERTHEYARE,iw5_cardtitle_bulletbelt,1,1,1,ch_thebiggertheyare,10 - Intimidation,,
cardtitle_harderthey,PLAYERCARDS_TITLE_HARDERTHEYFALL,iw5_cardtitle_bulletbelt,1,1,1,ch_thehardertheyfall,10 - Intimidation,,
cardtitle_moneyshot,PLAYERCARDS_TITLE_MONEYSHOT,iw5_cardtitle_falling_money,1,1,1,ch_moneyshot,8 - Payback,,
cardtitle_makeitrain,PLAYERCARDS_TITLE_RAINMAKER,iw5_cardtitle_falling_money,1,1,1,ch_overdraft,8 - Payback,,
cardtitle_timeismoney,PLAYERCARDS_TITLE_TIMEISMONEY,iw5_cardtitle_falling_money,1,1,1,ch_timeismoney,8 - Payback,,
cardtitle_imrich,PLAYERCARDS_TITLE_IMRICH,iw5_cardtitle_money_bags,1,1,1,ch_iamrich,8 - Payback,,
cardtitle_madman,PLAYERCARDS_TITLE_MADMAN,iw5_cardtitle_money_bags,1,1,1,ch_bangforbuck,8 - Payback,,
cardtitle_bloodmoney,PLAYERCARDS_TITLE_BLOODMONEY,iw5_cardtitle_money_bags,1,1,1,ch_colorofmoney,8 - Payback,,
cardtitle_headsup,PLAYERCARDS_TITLE_HEADSUP,iw5_cardtitle_punch_in_the_face,1,1,1,ch_heads_up,11 - Prestige,,
cardtitle_droppincrates,PLAYERCARDS_TITLE_DROPPINCRATES,iw5_cardtitle_punch_in_the_face,1,1,1,ch_droppincrates,6 - Finishing Moves,,
cardtitle_mach5,PLAYERCARDS_TITLE_MACH5,iw5_cardtitle_redrocket,1,1,1,ch_surgical_smg,5 - Precision,,
cardtitle_drifter,PLAYERCARDS_TITLE_DRIFTER,iw5_cardtitle_redrocket,1,1,1,ch_vandalism,1 - basic,,
cardtitle_clayback,PLAYERCARDS_TITLE_CLAYBACK,iw5_cardtitle_burger_town,1,1,1,ch_breakbank,8 - Payback,,
cardtitle_devastator,PLAYERCARDS_TITLE_DEVASTATOR,iw5_cardtitle_burger_town,1,1,1,ch_tangodown,7 - Humiliation,,
cardtitle_omnicide,PLAYERCARDS_TITLE_OMNICIDE,iw5_cardtitle_burger_town,1,1,1,ch_omnicide,10 - Intimidation,,
cardtitle_backsmasher,PLAYERCARDS_TITLE_BACKSMASHER,iw5_cardtitle_mw_character_delta_01,1,1,1,ch_backsmasher,,,
cardtitle_streaker,PLAYERCARDS_TITLE_STREAKER,iw5_cardtitle_pinup,1,1,1,ch_fearless,5 - Precision,,
cardtitle_theextreme,PLAYERCARDS_TITLE_EXTREME,iw5_cardtitle_pinup,1,1,1,ch_mvp_thc,2 - game modes,,
cardtitle_allpro,PLAYERCARDS_TITLE_ALLPRO,iw5_cardtitle_pinup,1,1,1,ch_allpro,5 - Precision,,
cardtitle_dominofx,PLAYERCARDS_TITLE_DOMINOFX,iw5_cardtitle_teabag,1,1,1,ch_dominos,9 - Elite,,
cardtitle_publicenemy,PLAYERCARDS_TITLE_PUBLIC_ENEMY,iw5_cardtitle_teabag,1,1,1,ch_mvp_tdm,2 - game modes,,
cardtitle_accidentprone,PLAYERCARDS_TITLE_ACCIDENT_PRONE,iw5_cardtitle_plaster,1,1,1,ch_basejump,1 - basic,,
cardtitle_no,PLAYERCARDS_TITLE_NO,iw5_cardtitle_paddle,1,1,1,ch_no,99 - Secret,,
cardtitle_smashhit,PLAYERCARDS_TITLE_SMASHHIT,iw5_cardtitle_paddle,1,1,1,ch_smasher,,,
cardtitle_theripper,PLAYERCARDS_TITLE_THERIPPER,iw5_cardtitle_spent_slugs,1,1,1,ch_slasher,10 - Intimidation,,
cardtitle_surgical,PLAYERCARDS_TITLE_SURGICAL,iw5_cardtitle_spent_slugs,1,1,1,ch_surgical_assault,5 - Precision,,
cardtitle_survivor,PLAYERCARDS_TITLE_SURVIVOR,iw5_cardtitle_scroll,1,1,1,ch_survivor,9 - Elite,,
cardtitle_lightsout,PLAYERCARDS_TITLE_LIGHTSOUT,iw5_cardtitle_troops,1,1,1,ch_thinkfastflash,7 - Humiliation,,
cardtitle_darkbringer,PLAYERCARDS_TITLE_DARKBRINGER,iw5_cardtitle_troops,1,1,1,ch_darkbringer,4 - Equipment,,
cardtitle_perfectionist,PLAYERCARDS_TITLE_PERFECTIONIST,iw5_cardtitle_troops,1,1,1,ch_surgical_sniper,5 - Precision,,
cardtitle_silentknight,PLAYERCARDS_TITLE_SILENT_KNIGHT,iw5_cardtitle_troops,1,1,1,ch_didyouseethat,4 - Equipment,,
cardtitle_tacticaldeletion,PLAYERCARDS_TITLE_TACDEL,iw5_cardtitle_scorpions,1,1,0.7,ch_tacticaldeletion,4 - Equipment,,
cardtitle_rejected,PLAYERCARDS_TITLE_REJECTED,iw5_cardtitle_scorpion_girl,1,1,1,ch_backdraft_2,1 - basic,,
cardtitle_klepto,PLAYERCARDS_TITLE_KLEPTO,iw5_cardtitle_scorpion_girl,1,1,1,ch_renaissance,99 - Secret,,
cardtitle_heart,PLAYERCARDS_TITLE_HEART,iw5_cardtitle_scorpion_girl,1,1,1,ch_miserylovescompany,7 - Humiliation,,
cardtitle_toxicavenger,PLAYERCARDS_TITLE_TOXICAVENGER,iw5_cardtitle_zombie_b,1,1,1,ch_radiationsickness,99 - Secret,,
cardtitle_livingdead,PLAYERCARDS_TITLE_LIVINGDEAD,iw5_cardtitle_zombie_b,1,1,1,ch_livingdead,99 - Secret,,
cardtitle_infected,PLAYERCARDS_TITLE_INFECTED,iw5_cardtitle_zombie_b,1,1,1,ch_infected,99 - Secret,,
cardtitle_uavrays,PLAYERCARDS_TITLE_UAVRAYS,iw5_cardtitle_zombie_c,1,1,1,ch_sunblock,10 - Intimidation,,
cardtitle_martyr,PLAYERCARDS_TITLE_MARTYR,iw5_cardtitle_zombie_c,1,1,1,ch_martyr,99 - Secret,,
cardtitle_friendswith,PLAYERCARDS_TITLE_FRIENDSWITH,iw5_cardtitle_golden_guns,1,1,1,ch_resourceful,9 - Elite,,
cardtitle_enemybenefits,PLAYERCARDS_TITLE_ENEMYBENEFITS,iw5_cardtitle_golden_guns,1,1,1,ch_grouphug,5 - Precision,,
cardtitle_howthe,PLAYERCARDS_TITLE_HOWTHE,iw5_cardtitle_cat_mustaches,1,1,1,ch_howthe,9 - Elite,,
cardtitle_duckhunter,PLAYERCARDS_TITLE_DUCKHUNTER,iw5_cardtitle_cat_mustaches,1,1,1,ch_hardlanding,7 - Humiliation,,
cardtitle_reversaloffortune,PLAYERCARDS_TITLE_REVERSALOFFORTUNE,iw5_cardtitle_cat_mustaches,1,1,1,ch_counterclaymore_2,9 - Elite,,
cardtitle_bowdown,PLAYERCARDS_TITLE_BOW_DOWN,iw5_cardtitle_cat_mustaches,1,1,1,ch_crouchshot_2,1 - basic,,
cardtitle_pushindaisy,PLAYERCARDS_TITLE_PUSHING_DAISY,iw5_cardtitle_lollipop_girl,1,1,0.7,ch_goodbye,1 - basic,,
cardtitle_plague,PLAYERCARDS_TITLE_PLAGUE,iw5_cardtitle_lollipop_girl,1,1,0.7,ch_plague,99 - Secret,,
cardtitle_boilermaker,PLAYERCARDS_TITLE_BOILERMAKER,iw5_cardtitle_smoke_grenade,1,1,0.7,ch_carbomb,7 - Humiliation,,
cardtitle_thinkfast,PLAYERCARDS_TITLE_THINKFAST,iw5_cardtitle_smoke_grenade,1,1,1,ch_thinkfast,7 - Humiliation,,
cardtitle_noobtuber,PLAYERCARDS_TITLE_NOOBTUBER,iw5_cardtitle_smoke_grenade,1,1,1,ch_ouch,7 - Humiliation,,
cardtitle_smokegrenade,PLAYERCARDS_TITLE_SMOKEGRENADE,iw5_cardtitle_smoke_grenade,1,1,1,ch_smokeemifyougotem_2,5 - Special Equipment,,
cardtitle_scrambler,PLAYERCARDS_TITLE_SCRAMBLER,iw5_cardtitle_xray_specs,1,1,1,ch_scram_2,5 - Special Equipment,,
cardtitle_portableradar,PLAYERCARDS_TITLE_PORTABLERADAR,iw5_cardtitle_xray_specs,1,1,1,ch_zerolatency_2,5 - Special Equipment,,
cardtitle_highlander,PLAYERCARDS_TITLE_HIGHLANDER,iw5_cardtitle_sword_02,1,1,1,ch_flawless,5 - Precision,,
cardtitle_backstabber,PLAYERCARDS_TITLE_BACKSTABBER,iw5_cardtitle_sword_01,1,1,1,ch_backstabber,7 - Humiliation,,
cardtitle_takeastab,PLAYERCARDS_TITLE_TAKE_A_STAB,iw5_cardtitle_sword_01,1,1,1,ch_carnie_2,4 - Equipment,,
cardtitle_behindenemy,PLAYERCARDS_TITLE_BEHINDENEMY,iw5_cardtitle_gazin,1,1,0.7,ch_theloner,99 - Secret,,
cardtitle_specialist,PLAYERCARDS_TITLE_SPECIALIST,iw5_cardtitle_eyes,1,1,1,ch_all_perks_bonus_2,11 - Prestige,,
cardtitle_crackinskulls,PLAYERCARDS_TITLE_CRACKINSKULLS,iw5_cardtitle_crackin_skulls,1,1,1,ch_expert_assault_2,5 - Precision,,
cardtitle_flashbang,PLAYERCARDS_TITLE_FLASHBANG,iw5_cardtitle_explosion_c,1,1,1,ch_indecentexposure_2,5 - Special Equipment,,
cardtitle_concussion,PLAYERCARDS_TITLE_CONCUSSION,iw5_cardtitle_explosion_c,1,1,1,ch_alittleconcussed_2,5 - Special Equipment,,
cardtitle_empgrenade,PLAYERCARDS_TITLE_EMPGRENADE,iw5_cardtitle_explosion_c,1,1,1,ch_onthepulse_2,5 - Special Equipment,,
cardtitle_pineappleexpress,PLAYERCARDS_TITLE_PINEAPPLE_EXPRESS,iw5_cardtitle_explosion_b,1,1,1,ch_grenadekill_2,4 - Equipment,,
cardtitle_bam,PLAYERCARDS_TITLE_BAM,iw5_cardtitle_explosion_b,1,1,1,ch_masterchef_2,9 - Elite,,
cardtitle_bouncer,PLAYERCARDS_TITLE_BOUNCER,iw5_cardtitle_explosion_b,1,1,1,ch_bouncingbetty_2,4 - Equipment,,
cardtitle_noboom,PLAYERCARDS_TITLE_NOBOOM,iw5_cardtitle_explosion_b,1,1,1,ch_noboomforyou_2,4 - Equipment,,
cardtitle_anarchist,PLAYERCARDS_TITLE_ANARCHIST,iw5_cardtitle_mw_makarov,1,1,1,ch_multic4_2,5 - Precision,,
cardtitle_hardcoreonly,PLAYERCARDS_TITLE_HARDCORE_ONLY,iw5_cardtitle_wolf,1,1,1,ch_teamplayer_hc_2,2 - game modes,,
cardtitle_ambush,PLAYERCARDS_TITLE_AMBUSH,iw5_cardtitle_wolf,1,1,0.7,ch_multiclaymore_2,5 - Precision,,
cardtitle_feared,PLAYERCARDS_TITLE_FEARED,iw5_cardtitle_wolf,1,1,1,ch_victor_dm_2,2 - game modes,,
cardtitle_ghilliemist,PLAYERCARDS_TITLE_GHILLIEMIST,iw5_cardtitle_sniper_a,1,1,1,ch_ghillie_2,,,
cardtitle_lowprofile,PLAYERCARDS_TITLE_LOW_PROFILE,iw5_cardtitle_sniper_a,1,1,1,ch_proneshot_2,1 - basic,,
cardtitle_boomheadshot,PLAYERCARDS_TITLE_BOOMHEADSHOT,iw5_cardtitle_sniper_a,1,1,1,ch_expert_lmg_2,5 - Precision,,
cardtitle_c4andafter,PLAYERCARDS_TITLE_C4ANDAFTER,iw5_cardtitle_meteor,1,1,1,ch_c4shot_2,4 - Equipment,,
cardtitle_intergalactic,PLAYERCARDS_TITLE_INTERGALACTIC_PLANETARY,iw5_cardtitle_meteor,1,1,1,ch_victor_sab_2,2 - game modes,,
cardtitle_popoff,PLAYERCARDS_TITLE_POPOFF,iw5_cardtitle_meteor,1,1,0.7,ch_expert_smg_2,5 - Precision,,
cardtitle_pinpuller,PLAYERCARDS_TITLE_PINPULLER,iw5_cardtitle_joint_skulls,1,1,1,ch_multifrag_2,5 - Precision,,
cardtitle_copperfield,PLAYERCARDS_TITLE_COPPERFIELD,iw5_cardtitle_joint_skulls,1,1,1,ch_jackinthebox_2,4 - Equipment,,
cardtitle_jointops,PLAYERCARDS_TITLE_JOINTOPS,iw5_cardtitle_joint_skulls,1,1,1,ch_assists_2,1 - basic,,
cardtitle_unbreakable,PLAYERCARDS_TITLE_UNBREAKABLE,iw5_cardtitle_tattoo_02,1,1,1,ch_shield_explosive_3,,,
cardtitle_protectserve,PLAYERCARDS_TITLE_PROTECTANDSERVE,iw5_cardtitle_tattoo_02,1,1,1,ch_shield_damage_3,,,
cardtitle_bulletproof,PLAYERCARDS_TITLE_BULLETPROOF,iw5_cardtitle_tattoo_02,1,1,1,ch_shield_bullet_3,,,
cardtitle_unstoppable,PLAYERCARDS_TITLE_UNSTOPPABLE,iw5_cardtitle_toxic_gasmask,1,1,1,ch_unstoppable,,CHALLENGE_DESC_UNSTOPPABLE,1
cardtitle_overachiever,PLAYERCARDS_TITLE_OVERACHIEVER,iw5_cardtitle_minigun,1,1,1,ch_overachiever,,CHALLENGE_DESC_OVERACHIEVER,1
cardtitle_sentrymaster,KILLSTREAKS_SENTRY,iw5_cardtitle_specialty_sharpshooter,1,1,1,ch_looknohands_4,11 - Prestige,,
cardtitle_predatormaster,KILLSTREAKS_PREDATOR_MISSILE,iw5_cardtitle_specialty_sharpshooter,1,1,1,ch_predator_4,11 - Prestige,,
cardtitle_airstrikemaster,KILLSTREAKS_PRECISION_AIRSTRIKE,iw5_cardtitle_specialty_sharpshooter,1,1,1,ch_carpetbomber_4,11 - Prestige,,
cardtitle_helimaster,KILLSTREAKS_HELICOPTER,iw5_cardtitle_specialty_sharpshooter,1,1,1,ch_choppervet_4,11 - Prestige,,
cardtitle_pavelowmaster,KILLSTREAKS_PAVELOW,iw5_cardtitle_specialty_sharpshooter,1,1,1,ch_jollygreengiant_4,11 - Prestige,,
cardtitle_stealthmaster,KILLSTREAKS_STEALTH_AIRSTRIKE,iw5_cardtitle_specialty_sharpshooter,1,1,1,ch_thespirit_4,11 - Prestige,,
cardtitle_ac130master,KILLSTREAKS_AC130,iw5_cardtitle_specialty_sharpshooter,1,1,1,ch_spectre_4,11 - Prestige,,
cardtitle_blademaster,PLAYERCARDS_TITLE_BLADEMASTER,iw5_cardtitle_series_bros,1,1,1,ch_knifevet_4,11 - Prestige,,
cardtitle_laststandmaster,PLAYERCARDS_TITLE_LASTSTANDMASTER,iw5_cardtitle_series_bros,1,1,1,ch_laststandvet_4,11 - Prestige,,
cardtitle_silencermaster,PLAYERCARDS_TITLE_SILENCERMASTER,iw5_cardtitle_series_bros,1,1,1,ch_stealthvet_4,11 - Prestige,,
cardtitle_flashmaster,PLAYERCARDS_TITLE_FLASHMASTER,iw5_cardtitle_series_bros,1,1,1,ch_flashbangvet_4,11 - Prestige,,
cardtitle_stunmaster,PLAYERCARDS_TITLE_STUNMASTER,iw5_cardtitle_series_bros,1,1,1,ch_concussionvet_4,11 - Prestige,,
cardtitle_longersprint,PERKS_LONGERSPRINT_PRO,iw5_cardtitle_sas_a,1,1,1,ch_longersprint_pro_5,0 - Perks,,
cardtitle_sleightofhand,PERKS_SLEIGHT_OF_HAND_PRO,iw5_cardtitle_sas_a,1,1,1,ch_sleightofhand_pro_5,0 - Perks,,
cardtitle_scavenger,PERKS_SCAVENGER_PRO,iw5_cardtitle_sas_a,1,1,1,ch_scavenger_pro_5,0 - Perks,,
cardtitle_blindeye,PERKS_BLINDEYE_PRO,iw5_cardtitle_sas_a,1,1,1,ch_blindeye_pro_5,0 - Perks,,
cardtitle_paint,PERKS_PAINT_PRO,iw5_cardtitle_sas_a,1,1,1,ch_paint_pro_5,0 - Perks,,
cardtitle_hardline,PERKS_HARDLINE_PRO,iw5_cardtitle_sas_a,1,1,1,ch_hardline_pro_5,0 - Perks,,
cardtitle_assassin,PERKS_ASSASSIN_PRO,iw5_cardtitle_sas_a,1,1,1,ch_coldblooded_pro_5,0 - Perks,,
cardtitle_quickdraw,PERKS_QUICKDRAW_PRO,iw5_cardtitle_sas_a,1,1,1,ch_quickdraw_pro_5,0 - Perks,,
cardtitle_overkill,PERKS_OVERKILL_PRO,iw5_cardtitle_sas_a,1,1,1,ch_twoprimaries_pro_5,0 - Perks,,
cardtitle_blastshield,PERKS_BLASTSHIELD_PRO,iw5_cardtitle_sas_a,1,1,1,ch_blastshield_pro_5,0 - Perks,,
cardtitle_bombsquad,PERKS_BOMB_SQUAD_PRO,iw5_cardtitle_sas_a,1,1,1,ch_detectexplosives_pro_5,0 - Perks,,
cardtitle_ironlungs,PERKS_IRON_LUNGS_PRO,iw5_cardtitle_sas_a,1,1,1,ch_autospot_pro_5,0 - Perks,,
cardtitle_steadyaim,PERKS_STEADY_AIM_PRO,iw5_cardtitle_sas_a,1,1,1,ch_bulletaccuracy_pro_5,0 - Perks,,
cardtitle_deadsilence,PERKS_DEADSILENCE_PRO,iw5_cardtitle_sas_a,1,1,1,ch_deadsilence_pro_5,0 - Perks,,
cardtitle_stalker,PERKS_STALKER_PRO,iw5_cardtitle_sas_a,1,1,1,ch_stalker_pro_5,0 - Perks,,
cardtitle_kick,PERKS_MARKSMAN,iw5_cardtitle_sniper_01,1,1,1,ch_kickstop_5,6 - proficiency,,
cardtitle_impact,PERKS_DEEP_IMPACT,iw5_cardtitle_sniper_01,1,1,1,ch_xrayvision_5,6 - proficiency,,
cardtitle_attachments,PERKS_BLING,iw5_cardtitle_sniper_01,1,1,1,ch_blingbling_5,6 - proficiency,,
cardtitle_focus,PERKS_SHARPFOCUS,iw5_cardtitle_sniper_01,1,1,1,ch_unshakeable_5,6 - proficiency,,
cardtitle_breath,PERKS_HOLDBREATHWHILEADS,iw5_cardtitle_sniper_01,1,1,1,ch_holditrightthere_5,6 - proficiency,,
cardtitle_stability,PERKS_REDUCEDSWAY,iw5_cardtitle_sniper_01,1,1,1,ch_swayless_5,6 - proficiency,,
cardtitle_range,PERKS_LONGERRANGE,iw5_cardtitle_sniper_01,1,1,1,ch_longishshot_5,6 - proficiency,,
cardtitle_melee,PERKS_FASTERMELEE,iw5_cardtitle_sniper_01,1,1,1,ch_coldsteel_5,6 - proficiency,,
cardtitle_speed,PERKS_LIGHTWEIGHT,iw5_cardtitle_sniper_01,1,1,1,ch_lightweight_5,6 - proficiency,,
cardtitle_damage,PERKS_MOREDAMAGE,iw5_cardtitle_sniper_01,1,1,1,ch_moredamage_5,6 - proficiency,,
cardtitle_voyeur,PLAYERCARDS_TITLE_UAV_EXPERT,iw5_cardtitle_shotmetal,1,1,0.7,ch_uav_5,3 - killstreak,,
cardtitle_companioncrate,PLAYERCARDS_TITLE_CAREPACKAGE_EXPERT,iw5_cardtitle_shotmetal,1,1,1,ch_airdrop_assault_5,3 - assault killstreak,,
cardtitle_ghostrider,PLAYERCARDS_TITLE_PREDATORMISSILE_EXPERT,iw5_cardtitle_shotmetal,1,1,1,ch_predator_missile_5,3 - assault killstreak,,
cardtitle_ims2,PLAYERCARDS_TITLE_IMS_EXPERT,iw5_cardtitle_shotmetal,1,1,1,ch_ims_5,3 - assault killstreak,,
cardtitle_fireforget,PLAYERCARDS_TITLE_SENTRY_EXPERT,iw5_cardtitle_shotmetal,1,1,1,ch_airdrop_sentry_minigun_5,3 - assault killstreak,,
cardtitle_brokenarrow,PLAYERCARDS_TITLE_AIRSTRIKE_EXPERT,iw5_cardtitle_shotmetal,1,1,1,ch_precision_airstrike_5,3 - assault killstreak,,
cardtitle_squawkbox,PLAYERCARDS_TITLE_HELICOPTER_EXPERT,iw5_cardtitle_shotmetal,1,1,1,ch_helicopter_5,3 - assault killstreak,,
cardtitle_lbflock2,PLAYERCARDS_TITLE_FLOCK_EXPERT,iw5_cardtitle_shotmetal,1,1,1,ch_littlebird_flock_5,3 - assault killstreak,,
cardtitle_lbsupport2,PLAYERCARDS_TITLE_GUARD_EXPERT,iw5_cardtitle_shotmetal,1,1,1,ch_littlebird_support_5,3 - assault killstreak,,
cardtitle_remotemortar2,PLAYERCARDS_TITLE_REMOTEMORTAR_EXPERT,iw5_cardtitle_shotmetal,1,1,1,ch_remote_mortar_5,3 - assault killstreak,,
cardtitle_remotetank2,PLAYERCARDS_TITLE_REMOTETANK_EXPERT,iw5_cardtitle_shotmetal,1,1,1,ch_airdrop_remote_tank_5,3 - assault killstreak,,
cardtitle_blackout,PLAYERCARDS_TITLE_PAVELOW_EXPERT,iw5_cardtitle_shotmetal,1,1,1,ch_helicopter_flares_5,3 - assault killstreak,,
cardtitle_angelofdeath,PLAYERCARDS_TITLE_AC130_EXPERT,iw5_cardtitle_shotmetal,1,1,1,ch_ac130_5,3 - assault killstreak,,
cardtitle_jugg2,PLAYERCARDS_TITLE_JUGGERNAUT_EXPERT,iw5_cardtitle_shotmetal,1,1,1,ch_airdrop_juggernaut_5,3 - assault killstreak,,
cardtitle_osprey2,PLAYERCARDS_TITLE_OSPREY_EXPERT,iw5_cardtitle_shotmetal,1,1,1,ch_osprey_gunner_5,3 - assault killstreak,,
cardtitle_givinstatic2,PLAYERCARDS_TITLE_UAV_EXPERT,iw5_cardtitle_shotmetal,1,1,1,ch_uav_support_5,3 - support killstreak,,
cardtitle_sigint,PLAYERCARDS_TITLE_COUNTERUAV_EXPERT,iw5_cardtitle_shotmetal,1,1,1,ch_counter_uav_5,3 - support killstreak,,
cardtitle_chickmagnet2,PLAYERCARDS_TITLE_VEST_EXPERT,iw5_cardtitle_shotmetal,1,1,0.7,ch_deployable_vest_5,3 - support killstreak,,
cardtitle_chickmagnet4,PLAYERCARDS_TITLE_AIRDROPTRAP_EXPERT,iw5_cardtitle_shotmetal,1,1,0.7,ch_airdrop_trap_5,3 - support killstreak,,
cardtitle_chickmagnet6,PLAYERCARDS_TITLE_SAM_EXPERT,iw5_cardtitle_shotmetal,1,1,0.7,ch_sam_turret_5,3 - support killstreak,,
cardtitle_chickmagnet8,PLAYERCARDS_TITLE_REMOTEUAV_EXPERT,iw5_cardtitle_shotmetal,1,1,0.7,ch_remote_uav_5,3 - support killstreak,,
cardtitle_chickmagnet10,PLAYERCARDS_TITLE_ADVANCEDUAV_EXPERT,iw5_cardtitle_shotmetal,1,1,0.7,ch_triple_uav_5,3 - support killstreak,,
cardtitle_chickmagnet12,PLAYERCARDS_TITLE_REMOTETURRET_EXPERT,iw5_cardtitle_shotmetal,1,1,0.7,ch_remote_mg_turret_5,3 - support killstreak,,
cardtitle_sbd2,PLAYERCARDS_TITLE_STEALTHAIRSTRIKE_EXPERT,iw5_cardtitle_shotmetal,1,1,1,ch_stealth_airstrike_5,3 - support killstreak,,
cardtitle_starfishprime,PLAYERCARDS_TITLE_EMP_EXPERT,iw5_cardtitle_shotmetal,1,1,1,ch_emp_5,3 - support killstreak,,
cardtitle_chickmagnet15,PLAYERCARDS_TITLE_JUGGERNAUT_EXPERT,iw5_cardtitle_shotmetal,1,1,0.7,ch_airdrop_juggernaut_recon_5,3 - support killstreak,,
cardtitle_chickmagnet17,PLAYERCARDS_TITLE_ESCORT_EXPERT,iw5_cardtitle_shotmetal,1,1,0.7,ch_escort_airdrop_5,3 - support killstreak,,
cardtitle_longersprint_ks,PLAYERCARDS_TITLE_LONGERSPRINT_KS,iw5_cardtitle_series_dark,1,1,1,ch_longersprint_ks_5,3 - specialist killstreak,,
cardtitle_sleightofhand_ks,PLAYERCARDS_TITLE_SLEIGHT_OF_HAND_KS,iw5_cardtitle_series_dark,1,1,1,ch_fastreload_ks_5,3 - specialist killstreak,,
cardtitle_scavenger_ks,PLAYERCARDS_TITLE_SCAVENGER_KS,iw5_cardtitle_series_dark,1,1,1,ch_scavenger_ks_5,3 - specialist killstreak,,
cardtitle_blindeye_ks,PLAYERCARDS_TITLE_BLINDEYE_KS,iw5_cardtitle_series_dark,1,1,1,ch_blindeye_ks_5,3 - specialist killstreak,,
cardtitle_paint_ks,PLAYERCARDS_TITLE_PAINT_KS,iw5_cardtitle_series_dark,1,1,1,ch_paint_ks_5,3 - specialist killstreak,,
cardtitle_hardline_ks,PLAYERCARDS_TITLE_HARDLINE_KS,iw5_cardtitle_series_dark,1,1,1,ch_hardline_ks_5,3 - specialist killstreak,,
cardtitle_assassin_ks,PLAYERCARDS_TITLE_ASSASSIN_KS,iw5_cardtitle_series_dark,1,1,1,ch_coldblooded_ks_5,3 - specialist killstreak,,
cardtitle_quickdraw_ks,PLAYERCARDS_TITLE_QUICKDRAW_KS,iw5_cardtitle_series_dark,1,1,1,ch_quickdraw_ks_5,3 - specialist killstreak,,
cardtitle_blastshield_ks,PLAYERCARDS_TITLE_BLASTSHIELD_KS,iw5_cardtitle_series_dark,1,1,1,ch_blastshield_ks_5,3 - specialist killstreak,,
cardtitle_bombsquad_ks,PLAYERCARDS_TITLE_BOMB_SQUAD_KS,iw5_cardtitle_series_dark,1,1,1,ch_detectexplosive_ks_5,3 - specialist killstreak,,
cardtitle_ironlungs_ks,PLAYERCARDS_TITLE_IRON_LUNGS_KS,iw5_cardtitle_series_dark,1,1,1,ch_autospot_ks_5,3 - specialist killstreak,,
cardtitle_steadyaim_ks,PLAYERCARDS_TITLE_STEADY_AIM_KS,iw5_cardtitle_series_dark,1,1,1,ch_bulletaccuracy_ks_5,3 - specialist killstreak,,
cardtitle_deadsilence_ks,PLAYERCARDS_TITLE_DEADSILENCE_KS,iw5_cardtitle_series_dark,1,1,1,ch_quieter_ks_5,3 - specialist killstreak,,
cardtitle_stalker_ks,PLAYERCARDS_TITLE_STALKER_KS,iw5_cardtitle_series_dark,1,1,1,ch_stalker_ks_5,3 - specialist killstreak,,
cardtitle_iw5_m4_sharpshooter,WEAPON_M4,iw5_cardtitle_specialty_sharpshooter,1,1,1,# weapon,,,
cardtitle_iw5_m4_marksman,WEAPON_M4,iw5_cardtitle_specialty_marksman,1,1,1,# weapon,,,
cardtitle_iw5_m4_expert,WEAPON_M4,iw5_cardtitle_specialty_expert,1,1,1,# weapon,,,
cardtitle_iw5_m4_veteran,WEAPON_M4,iw5_cardtitle_specialty_veteran,1,1,1,# weapon,,,
cardtitle_iw5_m4_master,WEAPON_M4,iw5_cardtitle_specialty_master,1,1,1,# weapon,,,
cardtitle_iw5_type95_sharpshooter,WEAPON_TYPE95,iw5_cardtitle_specialty_sharpshooter,1,1,1,# weapon,,,
cardtitle_iw5_type95_marksman,WEAPON_TYPE95,iw5_cardtitle_specialty_marksman,1,1,1,# weapon,,,
cardtitle_iw5_type95_expert,WEAPON_TYPE95,iw5_cardtitle_specialty_expert,1,1,1,# weapon,,,
cardtitle_iw5_type95_veteran,WEAPON_TYPE95,iw5_cardtitle_specialty_veteran,1,1,1,# weapon,,,
cardtitle_iw5_type95_master,WEAPON_TYPE95,iw5_cardtitle_specialty_master,1,1,1,# weapon,,,
cardtitle_iw5_scar_sharpshooter,WEAPON_SCAR,iw5_cardtitle_specialty_sharpshooter,1,1,1,# weapon,,,
cardtitle_iw5_scar_marksman,WEAPON_SCAR,iw5_cardtitle_specialty_marksman,1,1,1,# weapon,,,
cardtitle_iw5_scar_expert,WEAPON_SCAR,iw5_cardtitle_specialty_expert,1,1,1,# weapon,,,
cardtitle_iw5_scar_veteran,WEAPON_SCAR,iw5_cardtitle_specialty_veteran,1,1,1,# weapon,,,
cardtitle_iw5_scar_master,WEAPON_SCAR,iw5_cardtitle_specialty_master,1,1,1,# weapon,,,
cardtitle_iw5_g36c_sharpshooter,WEAPON_G36,iw5_cardtitle_specialty_sharpshooter,1,1,1,# weapon,,,
cardtitle_iw5_g36c_marksman,WEAPON_G36,iw5_cardtitle_specialty_marksman,1,1,1,# weapon,,,
cardtitle_iw5_g36c_expert,WEAPON_G36,iw5_cardtitle_specialty_expert,1,1,1,# weapon,,,
cardtitle_iw5_g36c_veteran,WEAPON_G36,iw5_cardtitle_specialty_veteran,1,1,1,# weapon,,,
cardtitle_iw5_g36c_master,WEAPON_G36,iw5_cardtitle_specialty_master,1,1,1,# weapon,,,
cardtitle_iw5_mk14_sharpshooter,WEAPON_MK14,iw5_cardtitle_specialty_sharpshooter,1,1,1,# weapon,,,
cardtitle_iw5_mk14_marksman,WEAPON_MK14,iw5_cardtitle_specialty_marksman,1,1,1,# weapon,,,
cardtitle_iw5_mk14_expert,WEAPON_MK14,iw5_cardtitle_specialty_expert,1,1,1,# weapon,,,
cardtitle_iw5_mk14_veteran,WEAPON_MK14,iw5_cardtitle_specialty_veteran,1,1,1,# weapon,,,
cardtitle_iw5_mk14_master,WEAPON_MK14,iw5_cardtitle_specialty_master,1,1,1,# weapon,,,
cardtitle_iw5_m16_sharpshooter,WEAPON_M16,iw5_cardtitle_specialty_sharpshooter,1,1,1,# weapon,,,
cardtitle_iw5_m16_marksman,WEAPON_M16,iw5_cardtitle_specialty_marksman,1,1,1,# weapon,,,
cardtitle_iw5_m16_expert,WEAPON_M16,iw5_cardtitle_specialty_expert,1,1,1,# weapon,,,
cardtitle_iw5_m16_veteran,WEAPON_M16,iw5_cardtitle_specialty_veteran,1,1,1,# weapon,,,
cardtitle_iw5_m16_master,WEAPON_M16,iw5_cardtitle_specialty_master,1,1,1,# weapon,,,
cardtitle_iw5_acr_sharpshooter,WEAPON_ACR,iw5_cardtitle_specialty_sharpshooter,1,1,1,# weapon,,,
cardtitle_iw5_acr_marksman,WEAPON_ACR,iw5_cardtitle_specialty_marksman,1,1,1,# weapon,,,
cardtitle_iw5_acr_expert,WEAPON_ACR,iw5_cardtitle_specialty_expert,1,1,1,# weapon,,,
cardtitle_iw5_acr_veteran,WEAPON_ACR,iw5_cardtitle_specialty_veteran,1,1,1,# weapon,,,
cardtitle_iw5_acr_master,WEAPON_ACR,iw5_cardtitle_specialty_master,1,1,1,# weapon,,,
cardtitle_iw5_fad_sharpshooter,WEAPON_FAD,iw5_cardtitle_specialty_sharpshooter,1,1,1,# weapon,,,
cardtitle_iw5_fad_marksman,WEAPON_FAD,iw5_cardtitle_specialty_marksman,1,1,1,# weapon,,,
cardtitle_iw5_fad_expert,WEAPON_FAD,iw5_cardtitle_specialty_expert,1,1,1,# weapon,,,
cardtitle_iw5_fad_veteran,WEAPON_FAD,iw5_cardtitle_specialty_veteran,1,1,1,# weapon,,,
cardtitle_iw5_fad_master,WEAPON_FAD,iw5_cardtitle_specialty_master,1,1,1,# weapon,,,
cardtitle_iw5_ak47_sharpshooter,WEAPON_AK47,iw5_cardtitle_specialty_sharpshooter,1,1,1,# weapon,,,
cardtitle_iw5_ak47_marksman,WEAPON_AK47,iw5_cardtitle_specialty_marksman,1,1,1,# weapon,,,
cardtitle_iw5_ak47_expert,WEAPON_AK47,iw5_cardtitle_specialty_expert,1,1,1,# weapon,,,
cardtitle_iw5_ak47_veteran,WEAPON_AK47,iw5_cardtitle_specialty_veteran,1,1,1,# weapon,,,
cardtitle_iw5_ak47_master,WEAPON_AK47,iw5_cardtitle_specialty_master,1,1,1,# weapon,,,
cardtitle_iw5_cm901_sharpshooter,WEAPON_CM901,iw5_cardtitle_specialty_sharpshooter,1,1,1,# weapon,,,
cardtitle_iw5_cm901_marksman,WEAPON_CM901,iw5_cardtitle_specialty_marksman,1,1,1,# weapon,,,
cardtitle_iw5_cm901_expert,WEAPON_CM901,iw5_cardtitle_specialty_expert,1,1,1,# weapon,,,
cardtitle_iw5_cm901_veteran,WEAPON_CM901,iw5_cardtitle_specialty_veteran,1,1,1,# weapon,,,
cardtitle_iw5_cm901_master,WEAPON_CM901,iw5_cardtitle_specialty_master,1,1,1,# weapon,,,
cardtitle_iw5_mp5_sharpshooter,WEAPON_MP5K,iw5_cardtitle_specialty_sharpshooter,1,1,1,# weapon,,,
cardtitle_iw5_mp5_marksman,WEAPON_MP5K,iw5_cardtitle_specialty_marksman,1,1,1,# weapon,,,
cardtitle_iw5_mp5_expert,WEAPON_MP5K,iw5_cardtitle_specialty_expert,1,1,1,# weapon,,,
cardtitle_iw5_mp5_veteran,WEAPON_MP5K,iw5_cardtitle_specialty_veteran,1,1,1,# weapon,,,
cardtitle_iw5_mp5_master,WEAPON_MP5K,iw5_cardtitle_specialty_master,1,1,1,# weapon,,,
cardtitle_iw5_ump45_sharpshooter,WEAPON_UMP45,iw5_cardtitle_specialty_sharpshooter,1,1,1,# weapon,,,
cardtitle_iw5_ump45_marksman,WEAPON_UMP45,iw5_cardtitle_specialty_marksman,1,1,1,# weapon,,,
cardtitle_iw5_ump45_expert,WEAPON_UMP45,iw5_cardtitle_specialty_expert,1,1,1,# weapon,,,
cardtitle_iw5_ump45_veteran,WEAPON_UMP45,iw5_cardtitle_specialty_veteran,1,1,1,# weapon,,,
cardtitle_iw5_ump45_master,WEAPON_UMP45,iw5_cardtitle_specialty_master,1,1,1,# weapon,,,
cardtitle_iw5_pp90m1_sharpshooter,WEAPON_PP90M1,iw5_cardtitle_specialty_sharpshooter,1,1,1,# weapon,,,
cardtitle_iw5_pp90m1_marksman,WEAPON_PP90M1,iw5_cardtitle_specialty_marksman,1,1,1,# weapon,,,
cardtitle_iw5_pp90m1_expert,WEAPON_PP90M1,iw5_cardtitle_specialty_expert,1,1,1,# weapon,,,
cardtitle_iw5_pp90m1_veteran,WEAPON_PP90M1,iw5_cardtitle_specialty_veteran,1,1,1,# weapon,,,
cardtitle_iw5_pp90m1_master,WEAPON_PP90M1,iw5_cardtitle_specialty_master,1,1,1,# weapon,,,
cardtitle_iw5_p90_sharpshooter,WEAPON_P90,iw5_cardtitle_specialty_sharpshooter,1,1,1,# weapon,,,
cardtitle_iw5_p90_marksman,WEAPON_P90,iw5_cardtitle_specialty_marksman,1,1,1,# weapon,,,
cardtitle_iw5_p90_expert,WEAPON_P90,iw5_cardtitle_specialty_expert,1,1,1,# weapon,,,
cardtitle_iw5_p90_veteran,WEAPON_P90,iw5_cardtitle_specialty_veteran,1,1,1,# weapon,,,
cardtitle_iw5_p90_master,WEAPON_P90,iw5_cardtitle_specialty_master,1,1,1,# weapon,,,
cardtitle_iw5_m9_sharpshooter,WEAPON_UZI,iw5_cardtitle_specialty_sharpshooter,1,1,1,# weapon,,,
cardtitle_iw5_m9_marksman,WEAPON_UZI,iw5_cardtitle_specialty_marksman,1,1,1,# weapon,,,
cardtitle_iw5_m9_expert,WEAPON_UZI,iw5_cardtitle_specialty_expert,1,1,1,# weapon,,,
cardtitle_iw5_m9_veteran,WEAPON_UZI,iw5_cardtitle_specialty_veteran,1,1,1,# weapon,,,
cardtitle_iw5_m9_master,WEAPON_UZI,iw5_cardtitle_specialty_master,1,1,1,# weapon,,,
cardtitle_iw5_mp7_sharpshooter,WEAPON_MP7,iw5_cardtitle_specialty_sharpshooter,1,1,1,# weapon,,,
cardtitle_iw5_mp7_marksman,WEAPON_MP7,iw5_cardtitle_specialty_marksman,1,1,1,# weapon,,,
cardtitle_iw5_mp7_expert,WEAPON_MP7,iw5_cardtitle_specialty_expert,1,1,1,# weapon,,,
cardtitle_iw5_mp7_veteran,WEAPON_MP7,iw5_cardtitle_specialty_veteran,1,1,1,# weapon,,,
cardtitle_iw5_mp7_master,WEAPON_MP7,iw5_cardtitle_specialty_master,1,1,1,# weapon,,,
cardtitle_iw5_sa80_sharpshooter,WEAPON_SA80,iw5_cardtitle_specialty_sharpshooter,1,1,1,# weapon,,,
cardtitle_iw5_sa80_marksman,WEAPON_SA80,iw5_cardtitle_specialty_marksman,1,1,1,# weapon,,,
cardtitle_iw5_sa80_expert,WEAPON_SA80,iw5_cardtitle_specialty_expert,1,1,1,# weapon,,,
cardtitle_iw5_sa80_veteran,WEAPON_SA80,iw5_cardtitle_specialty_veteran,1,1,1,# weapon,,,
cardtitle_iw5_sa80_master,WEAPON_SA80,iw5_cardtitle_specialty_master,1,1,1,# weapon,,,
cardtitle_iw5_mg36_sharpshooter,WEAPON_MG36,iw5_cardtitle_specialty_sharpshooter,1,1,1,# weapon,,,
cardtitle_iw5_mg36_marksman,WEAPON_MG36,iw5_cardtitle_specialty_marksman,1,1,1,# weapon,,,
cardtitle_iw5_mg36_expert,WEAPON_MG36,iw5_cardtitle_specialty_expert,1,1,1,# weapon,,,
cardtitle_iw5_mg36_veteran,WEAPON_MG36,iw5_cardtitle_specialty_veteran,1,1,1,# weapon,,,
cardtitle_iw5_mg36_master,WEAPON_MG36,iw5_cardtitle_specialty_master,1,1,1,# weapon,,,
cardtitle_iw5_mk46_sharpshooter,WEAPON_MK46,iw5_cardtitle_specialty_sharpshooter,1,1,1,# weapon,,,
cardtitle_iw5_mk46_marksman,WEAPON_MK46,iw5_cardtitle_specialty_marksman,1,1,1,# weapon,,,
cardtitle_iw5_mk46_expert,WEAPON_MK46,iw5_cardtitle_specialty_expert,1,1,1,# weapon,,,
cardtitle_iw5_mk46_veteran,WEAPON_MK46,iw5_cardtitle_specialty_veteran,1,1,1,# weapon,,,
cardtitle_iw5_mk46_master,WEAPON_MK46,iw5_cardtitle_specialty_master,1,1,1,# weapon,,,
cardtitle_iw5_pecheneg_sharpshooter,WEAPON_PECHENEG,iw5_cardtitle_specialty_sharpshooter,1,1,1,# weapon,,,
cardtitle_iw5_pecheneg_marksman,WEAPON_PECHENEG,iw5_cardtitle_specialty_marksman,1,1,1,# weapon,,,
cardtitle_iw5_pecheneg_expert,WEAPON_PECHENEG,iw5_cardtitle_specialty_expert,1,1,1,# weapon,,,
cardtitle_iw5_pecheneg_veteran,WEAPON_PECHENEG,iw5_cardtitle_specialty_veteran,1,1,1,# weapon,,,
cardtitle_iw5_pecheneg_master,WEAPON_PECHENEG,iw5_cardtitle_specialty_master,1,1,1,# weapon,,,
cardtitle_iw5_m60_sharpshooter,WEAPON_M60,iw5_cardtitle_specialty_sharpshooter,1,1,1,# weapon,,,
cardtitle_iw5_m60_marksman,WEAPON_M60,iw5_cardtitle_specialty_marksman,1,1,1,# weapon,,,
cardtitle_iw5_m60_expert,WEAPON_M60,iw5_cardtitle_specialty_expert,1,1,1,# weapon,,,
cardtitle_iw5_m60_veteran,WEAPON_M60,iw5_cardtitle_specialty_veteran,1,1,1,# weapon,,,
cardtitle_iw5_m60_master,WEAPON_M60,iw5_cardtitle_specialty_master,1,1,1,# weapon,,,
cardtitle_iw5_msr_sharpshooter,WEAPON_MSR,iw5_cardtitle_specialty_sharpshooter,1,1,1,# weapon,,,
cardtitle_iw5_msr_marksman,WEAPON_MSR,iw5_cardtitle_specialty_marksman,1,1,1,# weapon,,,
cardtitle_iw5_msr_expert,WEAPON_MSR,iw5_cardtitle_specialty_expert,1,1,1,# weapon,,,
cardtitle_iw5_msr_veteran,WEAPON_MSR,iw5_cardtitle_specialty_veteran,1,1,1,# weapon,,,
cardtitle_iw5_msr_master,WEAPON_MSR,iw5_cardtitle_specialty_master,1,1,1,# weapon,,,
cardtitle_iw5_barrett_sharpshooter,WEAPON_BARRETT,iw5_cardtitle_specialty_sharpshooter,1,1,1,# weapon,,,
cardtitle_iw5_barrett_marksman,WEAPON_BARRETT,iw5_cardtitle_specialty_marksman,1,1,1,# weapon,,,
cardtitle_iw5_barrett_expert,WEAPON_BARRETT,iw5_cardtitle_specialty_expert,1,1,1,# weapon,,,
cardtitle_iw5_barrett_veteran,WEAPON_BARRETT,iw5_cardtitle_specialty_veteran,1,1,1,# weapon,,,
cardtitle_iw5_barrett_master,WEAPON_BARRETT,iw5_cardtitle_specialty_master,1,1,1,# weapon,,,
cardtitle_iw5_l96a1_sharpshooter,WEAPON_L96A1,iw5_cardtitle_specialty_sharpshooter,1,1,1,# weapon,,,
cardtitle_iw5_l96a1_marksman,WEAPON_L96A1,iw5_cardtitle_specialty_marksman,1,1,1,# weapon,,,
cardtitle_iw5_l96a1_expert,WEAPON_L96A1,iw5_cardtitle_specialty_expert,1,1,1,# weapon,,,
cardtitle_iw5_l96a1_veteran,WEAPON_L96A1,iw5_cardtitle_specialty_veteran,1,1,1,# weapon,,,
cardtitle_iw5_l96a1_master,WEAPON_L96A1,iw5_cardtitle_specialty_master,1,1,1,# weapon,,,
cardtitle_iw5_rsass_sharpshooter,WEAPON_RSASS,iw5_cardtitle_specialty_sharpshooter,1,1,1,# weapon,,,
cardtitle_iw5_rsass_marksman,WEAPON_RSASS,iw5_cardtitle_specialty_marksman,1,1,1,# weapon,,,
cardtitle_iw5_rsass_expert,WEAPON_RSASS,iw5_cardtitle_specialty_expert,1,1,1,# weapon,,,
cardtitle_iw5_rsass_veteran,WEAPON_RSASS,iw5_cardtitle_specialty_veteran,1,1,1,# weapon,,,
cardtitle_iw5_rsass_master,WEAPON_RSASS,iw5_cardtitle_specialty_master,1,1,1,# weapon,,,
cardtitle_iw5_dragunov_sharpshooter,WEAPON_DRAGUNOV,iw5_cardtitle_specialty_sharpshooter,1,1,1,# weapon,,,
cardtitle_iw5_dragunov_marksman,WEAPON_DRAGUNOV,iw5_cardtitle_specialty_marksman,1,1,1,# weapon,,,
cardtitle_iw5_dragunov_expert,WEAPON_DRAGUNOV,iw5_cardtitle_specialty_expert,1,1,1,# weapon,,,
cardtitle_iw5_dragunov_veteran,WEAPON_DRAGUNOV,iw5_cardtitle_specialty_veteran,1,1,1,# weapon,,,
cardtitle_iw5_dragunov_master,WEAPON_DRAGUNOV,iw5_cardtitle_specialty_master,1,1,1,# weapon,,,
cardtitle_iw5_as50_sharpshooter,WEAPON_AS50,iw5_cardtitle_specialty_sharpshooter,1,1,1,# weapon,,,
cardtitle_iw5_as50_marksman,WEAPON_AS50,iw5_cardtitle_specialty_marksman,1,1,1,# weapon,,,
cardtitle_iw5_as50_expert,WEAPON_AS50,iw5_cardtitle_specialty_expert,1,1,1,# weapon,,,
cardtitle_iw5_as50_veteran,WEAPON_AS50,iw5_cardtitle_specialty_veteran,1,1,1,# weapon,,,
cardtitle_iw5_as50_master,WEAPON_AS50,iw5_cardtitle_specialty_master,1,1,1,# weapon,,,
cardtitle_iw5_spas12_sharpshooter,WEAPON_SPAS12,iw5_cardtitle_specialty_sharpshooter,1,1,1,# weapon,,,
cardtitle_iw5_spas12_marksman,WEAPON_SPAS12,iw5_cardtitle_specialty_marksman,1,1,1,# weapon,,,
cardtitle_iw5_spas12_expert,WEAPON_SPAS12,iw5_cardtitle_specialty_expert,1,1,1,# weapon,,,
cardtitle_iw5_spas12_veteran,WEAPON_SPAS12,iw5_cardtitle_specialty_veteran,1,1,1,# weapon,,,
cardtitle_iw5_spas12_master,WEAPON_SPAS12,iw5_cardtitle_specialty_master,1,1,1,# weapon,,,
cardtitle_iw5_aa12_sharpshooter,WEAPON_AA12,iw5_cardtitle_specialty_sharpshooter,1,1,1,# weapon,,,
cardtitle_iw5_aa12_marksman,WEAPON_AA12,iw5_cardtitle_specialty_marksman,1,1,1,# weapon,,,
cardtitle_iw5_aa12_expert,WEAPON_AA12,iw5_cardtitle_specialty_expert,1,1,1,# weapon,,,
cardtitle_iw5_aa12_veteran,WEAPON_AA12,iw5_cardtitle_specialty_veteran,1,1,1,# weapon,,,
cardtitle_iw5_aa12_master,WEAPON_AA12,iw5_cardtitle_specialty_master,1,1,1,# weapon,,,
cardtitle_iw5_striker_sharpshooter,WEAPON_STRIKER,iw5_cardtitle_specialty_sharpshooter,1,1,1,# weapon,,,
cardtitle_iw5_striker_marksman,WEAPON_STRIKER,iw5_cardtitle_specialty_marksman,1,1,1,# weapon,,,
cardtitle_iw5_striker_expert,WEAPON_STRIKER,iw5_cardtitle_specialty_expert,1,1,1,# weapon,,,
cardtitle_iw5_striker_veteran,WEAPON_STRIKER,iw5_cardtitle_specialty_veteran,1,1,1,# weapon,,,
cardtitle_iw5_striker_master,WEAPON_STRIKER,iw5_cardtitle_specialty_master,1,1,1,# weapon,,,
cardtitle_iw5_ksg_sharpshooter,WEAPON_KSG,iw5_cardtitle_specialty_sharpshooter,1,1,1,# weapon,,,
cardtitle_iw5_ksg_marksman,WEAPON_KSG,iw5_cardtitle_specialty_marksman,1,1,1,# weapon,,,
cardtitle_iw5_ksg_expert,WEAPON_KSG,iw5_cardtitle_specialty_expert,1,1,1,# weapon,,,
cardtitle_iw5_ksg_veteran,WEAPON_KSG,iw5_cardtitle_specialty_veteran,1,1,1,# weapon,,,
cardtitle_iw5_ksg_master,WEAPON_KSG,iw5_cardtitle_specialty_master,1,1,1,# weapon,,,
cardtitle_iw5_usas12_sharpshooter,WEAPON_USAS12,iw5_cardtitle_specialty_sharpshooter,1,1,1,# weapon,,,
cardtitle_iw5_usas12_marksman,WEAPON_USAS12,iw5_cardtitle_specialty_marksman,1,1,1,# weapon,,,
cardtitle_iw5_usas12_expert,WEAPON_USAS12,iw5_cardtitle_specialty_expert,1,1,1,# weapon,,,
cardtitle_iw5_usas12_veteran,WEAPON_USAS12,iw5_cardtitle_specialty_veteran,1,1,1,# weapon,,,
cardtitle_iw5_usas12_master,WEAPON_USAS12,iw5_cardtitle_specialty_master,1,1,1,# weapon,,,
cardtitle_iw5_1887_sharpshooter,WEAPON_MODEL1887,iw5_cardtitle_specialty_sharpshooter,1,1,1,# weapon,,,
cardtitle_iw5_1887_marksman,WEAPON_MODEL1887,iw5_cardtitle_specialty_marksman,1,1,1,# weapon,,,
cardtitle_iw5_1887_expert,WEAPON_MODEL1887,iw5_cardtitle_specialty_expert,1,1,1,# weapon,,,
cardtitle_iw5_1887_veteran,WEAPON_MODEL1887,iw5_cardtitle_specialty_veteran,1,1,1,# weapon,,,
cardtitle_riotshield_expert,WEAPON_RIOTSHIELD,iw5_cardtitle_specialty_expert,1,1,1,# weapon,,,
cardtitle_iw5_fmg9_sharpshooter,WEAPON_FMG9,iw5_cardtitle_specialty_sharpshooter,1,1,1,# weapon,,,
cardtitle_iw5_fmg9_marksman,WEAPON_FMG9,iw5_cardtitle_specialty_marksman,1,1,1,# weapon,,,
cardtitle_iw5_fmg9_expert,WEAPON_FMG9,iw5_cardtitle_specialty_expert,1,1,1,# weapon,,,
cardtitle_iw5_fmg9_veteran,WEAPON_FMG9,iw5_cardtitle_specialty_veteran,1,1,1,# weapon,,,
cardtitle_iw5_fmg9_master,WEAPON_FMG9,iw5_cardtitle_specialty_master,1,1,1,# weapon,,,
cardtitle_iw5_g18_sharpshooter,WEAPON_GLOCK,iw5_cardtitle_specialty_sharpshooter,1,1,1,# weapon,,,
cardtitle_iw5_g18_marksman,WEAPON_GLOCK,iw5_cardtitle_specialty_marksman,1,1,1,# weapon,,,
cardtitle_iw5_g18_expert,WEAPON_GLOCK,iw5_cardtitle_specialty_expert,1,1,1,# weapon,,,
cardtitle_iw5_g18_veteran,WEAPON_GLOCK,iw5_cardtitle_specialty_veteran,1,1,1,# weapon,,,
cardtitle_iw5_g18_master,WEAPON_GLOCK,iw5_cardtitle_specialty_master,1,1,1,# weapon,,,
cardtitle_iw5_skorpion_sharpshooter,WEAPON_SKORPION,iw5_cardtitle_specialty_sharpshooter,1,1,1,# weapon,,,
cardtitle_iw5_skorpion_marksman,WEAPON_SKORPION,iw5_cardtitle_specialty_marksman,1,1,1,# weapon,,,
cardtitle_iw5_skorpion_expert,WEAPON_SKORPION,iw5_cardtitle_specialty_expert,1,1,1,# weapon,,,
cardtitle_iw5_skorpion_veteran,WEAPON_SKORPION,iw5_cardtitle_specialty_veteran,1,1,1,# weapon,,,
cardtitle_iw5_skorpion_master,WEAPON_SKORPION,iw5_cardtitle_specialty_master,1,1,1,# weapon,,,
cardtitle_iw5_mp9_sharpshooter,WEAPON_MP9,iw5_cardtitle_specialty_sharpshooter,1,1,1,# weapon,,,
cardtitle_iw5_mp9_marksman,WEAPON_MP9,iw5_cardtitle_specialty_marksman,1,1,1,# weapon,,,
cardtitle_iw5_mp9_expert,WEAPON_MP9,iw5_cardtitle_specialty_expert,1,1,1,# weapon,,,
cardtitle_iw5_mp9_veteran,WEAPON_MP9,iw5_cardtitle_specialty_veteran,1,1,1,# weapon,,,
cardtitle_iw5_mp9_master,WEAPON_MP9,iw5_cardtitle_specialty_master,1,1,1,# weapon,,,
cardtitle_iw5_usp45_sharpshooter,WEAPON_USP,iw5_cardtitle_specialty_sharpshooter,1,1,1,# weapon,,,
cardtitle_iw5_usp45_marksman,WEAPON_USP,iw5_cardtitle_specialty_marksman,1,1,1,# weapon,,,
cardtitle_iw5_usp45_expert,WEAPON_USP,iw5_cardtitle_specialty_expert,1,1,1,# weapon,,,
cardtitle_iw5_usp45_veteran,WEAPON_USP,iw5_cardtitle_specialty_veteran,1,1,1,# weapon,,,
cardtitle_iw5_usp45_master,WEAPON_USP,iw5_cardtitle_specialty_master,1,1,1,# weapon,,,
cardtitle_iw5_mp412_sharpshooter,WEAPON_MP412,iw5_cardtitle_specialty_sharpshooter,1,1,1,# weapon,,,
cardtitle_iw5_mp412_marksman,WEAPON_MP412,iw5_cardtitle_specialty_marksman,1,1,1,# weapon,,,
cardtitle_iw5_mp412_expert,WEAPON_MP412,iw5_cardtitle_specialty_expert,1,1,1,# weapon,,,
cardtitle_iw5_mp412_veteran,WEAPON_MP412,iw5_cardtitle_specialty_veteran,1,1,1,# weapon,,,
cardtitle_iw5_mp412_master,WEAPON_MP412,iw5_cardtitle_specialty_master,1,1,1,# weapon,,,
cardtitle_iw5_44magnum_sharpshooter,WEAPON_MAGNUM,iw5_cardtitle_specialty_sharpshooter,1,1,1,# weapon,,,
cardtitle_iw5_44magnum_marksman,WEAPON_MAGNUM,iw5_cardtitle_specialty_marksman,1,1,1,# weapon,,,
cardtitle_iw5_44magnum_expert,WEAPON_MAGNUM,iw5_cardtitle_specialty_expert,1,1,1,# weapon,,,
cardtitle_iw5_44magnum_veteran,WEAPON_MAGNUM,iw5_cardtitle_specialty_veteran,1,1,1,# weapon,,,
cardtitle_iw5_44magnum_master,WEAPON_MAGNUM,iw5_cardtitle_specialty_master,1,1,1,# weapon,,,
cardtitle_iw5_deserteagle_sharpshooter,WEAPON_DESERTEAGLE,iw5_cardtitle_specialty_sharpshooter,1,1,1,# weapon,,,
cardtitle_iw5_deserteagle_marksman,WEAPON_DESERTEAGLE,iw5_cardtitle_specialty_marksman,1,1,1,# weapon,,,
cardtitle_iw5_deserteagle_expert,WEAPON_DESERTEAGLE,iw5_cardtitle_specialty_expert,1,1,1,# weapon,,,
cardtitle_iw5_deserteagle_veteran,WEAPON_DESERTEAGLE,iw5_cardtitle_specialty_veteran,1,1,1,# weapon,,,
cardtitle_iw5_deserteagle_master,WEAPON_DESERTEAGLE,iw5_cardtitle_specialty_master,1,1,1,# weapon,,,
cardtitle_iw5_p99_sharpshooter,WEAPON_P99,iw5_cardtitle_specialty_sharpshooter,1,1,1,# weapon,,,
cardtitle_iw5_p99_marksman,WEAPON_P99,iw5_cardtitle_specialty_marksman,1,1,1,# weapon,,,
cardtitle_iw5_p99_expert,WEAPON_P99,iw5_cardtitle_specialty_expert,1,1,1,# weapon,,,
cardtitle_iw5_p99_veteran,WEAPON_P99,iw5_cardtitle_specialty_veteran,1,1,1,# weapon,,,
cardtitle_iw5_p99_master,WEAPON_P99,iw5_cardtitle_specialty_master,1,1,1,# weapon,,,
cardtitle_iw5_fnfiveseven_sharpshooter,WEAPON_FNFIVESEVEN,iw5_cardtitle_specialty_sharpshooter,1,1,1,# weapon,,,
cardtitle_iw5_fnfiveseven_marksman,WEAPON_FNFIVESEVEN,iw5_cardtitle_specialty_marksman,1,1,1,# weapon,,,
cardtitle_iw5_fnfiveseven_expert,WEAPON_FNFIVESEVEN,iw5_cardtitle_specialty_expert,1,1,1,# weapon,,,
cardtitle_iw5_fnfiveseven_veteran,WEAPON_FNFIVESEVEN,iw5_cardtitle_specialty_veteran,1,1,1,# weapon,,,
cardtitle_iw5_fnfiveseven_master,WEAPON_FNFIVESEVEN,iw5_cardtitle_specialty_master,1,1,1,# weapon,,,
cardtitle_iw5_smaw_marksman,WEAPON_SMAW,iw5_cardtitle_specialty_marksman,1,1,1,# weapon,,,
cardtitle_iw5_smaw_expert,WEAPON_SMAW,iw5_cardtitle_specialty_expert,1,1,1,# weapon,,,
cardtitle_iw5_smaw_veteran,WEAPON_SMAW,iw5_cardtitle_specialty_veteran,1,1,1,# weapon,,,
cardtitle_m320_marksman,WEAPON_M320,iw5_cardtitle_specialty_marksman,1,1,1,# weapon,,,
cardtitle_m320_expert,WEAPON_M320,iw5_cardtitle_specialty_expert,1,1,1,# weapon,,,
cardtitle_m320_veteran,WEAPON_M320,iw5_cardtitle_specialty_veteran,1,1,1,# weapon,,,
cardtitle_stinger_marksman,WEAPON_STINGER,iw5_cardtitle_specialty_marksman,1,1,1,# weapon,,,
cardtitle_stinger_expert,WEAPON_STINGER,iw5_cardtitle_specialty_expert,1,1,1,# weapon,,,
cardtitle_stinger_veteran,WEAPON_STINGER,iw5_cardtitle_specialty_veteran,1,1,1,# weapon,,,
cardtitle_javelin_marksman,WEAPON_JAVELIN,iw5_cardtitle_specialty_marksman,1,1,1,# weapon,,,
cardtitle_javelin_expert,WEAPON_JAVELIN,iw5_cardtitle_specialty_expert,1,1,1,# weapon,,,
cardtitle_javelin_veteran,WEAPON_JAVELIN,iw5_cardtitle_specialty_veteran,1,1,1,# weapon,,,
cardtitle_rpg_marksman,WEAPON_RPG,iw5_cardtitle_specialty_marksman,1,1,1,# weapon,,,
cardtitle_rpg_expert,WEAPON_RPG,iw5_cardtitle_specialty_expert,1,1,1,# weapon,,,
cardtitle_rpg_veteran,WEAPON_RPG,iw5_cardtitle_specialty_veteran,1,1,1,# weapon,,,
cardtitle_xm25_marksman,WEAPON_XM25,iw5_cardtitle_specialty_marksman,1,1,1,# weapon,,,
cardtitle_xm25_expert,WEAPON_XM25,iw5_cardtitle_specialty_expert,1,1,1,# weapon,,,
cardtitle_xm25_veteran,WEAPON_XM25,iw5_cardtitle_specialty_veteran,1,1,1,# weapon,,,
cardtitle_flag_united_states,,cardtitle_flag_united_states,1,1,1,,100 - flags,CHALLENGE_DESC_FLAG_UNITED_STATES,
cardtitle_flag_uk,,cardtitle_flag_uk,1,1,1,,100 - flags,CHALLENGE_DESC_FLAG_UK,
cardtitle_flag_canada,,cardtitle_flag_canada,1,1,1,,100 - flags,CHALLENGE_DESC_FLAG_CANADA,
cardtitle_flag_australia,,cardtitle_flag_australia,1,1,1,,100 - flags,CHALLENGE_DESC_FLAG_AUSTRALIA,
cardtitle_flag_spain,,cardtitle_flag_spain,1,1,1,,100 - flags,CHALLENGE_DESC_FLAG_SPAIN,
cardtitle_flag_austria,,cardtitle_flag_austria,1,1,1,,100 - flags,CHALLENGE_DESC_FLAG_AUSTRIA,
cardtitle_flag_japan,,cardtitle_flag_japan,1,1,1,,100 - flags,CHALLENGE_DESC_FLAG_JAPAN,
cardtitle_flag_brazil,,cardtitle_flag_brazil,1,1,1,,100 - flags,CHALLENGE_DESC_FLAG_BRAZIL,
cardtitle_flag_swiss,,cardtitle_flag_swiss,1,1,1,,100 - flags,CHALLENGE_DESC_FLAG_SWISS,
cardtitle_flag_russia,,cardtitle_flag_russia,1,1,1,,100 - flags,CHALLENGE_DESC_FLAG_RUSSIA,
cardtitle_flag_mexico,,cardtitle_flag_mexico,1,1,1,,100 - flags,CHALLENGE_DESC_FLAG_MEXICO,
cardtitle_flag_france,,cardtitle_flag_france,1,1,1,,100 - flags,CHALLENGE_DESC_FLAG_FRANCE,
cardtitle_flag_germany,,cardtitle_flag_germany,1,1,1,,100 - flags,CHALLENGE_DESC_FLAG_GERMANY,
cardtitle_flag_italy,,cardtitle_flag_italy,1,1,1,,100 - flags,CHALLENGE_DESC_FLAG_ITALY,
cardtitle_flag_norway,,cardtitle_flag_norway,1,1,1,,100 - flags,CHALLENGE_DESC_FLAG_NORWAY,
cardtitle_flag_greece,,cardtitle_flag_greece,1,1,1,,100 - flags,CHALLENGE_DESC_FLAG_GREECE,
cardtitle_flag_sweden,,cardtitle_flag_sweden,1,1,1,,100 - flags,CHALLENGE_DESC_FLAG_SWEDEN,
cardtitle_flag_ireland,,cardtitle_flag_ireland,1,1,1,,100 - flags,CHALLENGE_DESC_FLAG_IRELAND,
cardtitle_flag_belgium,,cardtitle_flag_belgium,1,1,1,,100 - flags,CHALLENGE_DESC_FLAG_BELGIUM,
cardtitle_flag_finland,,cardtitle_flag_finland,1,1,1,,100 - flags,CHALLENGE_DESC_FLAG_FINLAND,
cardtitle_flag_luxemburg,,cardtitle_flag_luxemburg,1,1,1,,100 - flags,CHALLENGE_DESC_FLAG_LUXEMBURG,
cardtitle_flag_czech,,cardtitle_flag_czech,1,1,1,,100 - flags,CHALLENGE_DESC_FLAG_CZECH,
cardtitle_flag_netherlands,,cardtitle_flag_netherlands,1,1,1,,100 - flags,CHALLENGE_DESC_FLAG_NETHERLANDS,
cardtitle_flag_newzealand,,cardtitle_flag_newzealand,1,1,1,,100 - flags,CHALLENGE_DESC_FLAG_NEW_ZEALAND,
cardtitle_flag_philippines,,cardtitle_flag_philippines,1,1,1,,100 - flags,CHALLENGE_DESC_FLAG_PHILIPPINES,
cardtitle_flag_poland,,cardtitle_flag_poland,1,1,1,,100 - flags,CHALLENGE_DESC_FLAG_POLAND,
cardtitle_flag_portugal,,cardtitle_flag_portugal,1,1,1,,100 - flags,CHALLENGE_DESC_FLAG_PORTUGAL,
cardtitle_flag_denmark,,cardtitle_flag_denmark,1,1,1,,100 - flags,CHALLENGE_DESC_FLAG_DENMARK,
cardtitle_flag_saudiarabia,,cardtitle_flag_saudiarabia,1,1,1,,100 - flags,CHALLENGE_DESC_FLAG_SAUDI_ARABIA,
cardtitle_flag_singapore,,cardtitle_flag_singapore,1,1,1,,100 - flags,CHALLENGE_DESC_FLAG_SINGAPORE,
cardtitle_flag_southafrica,,cardtitle_flag_southafrica,1,1,1,,100 - flags,CHALLENGE_DESC_FLAG_SOUTH_AFRICA,
cardtitle_flag_southkorea,,cardtitle_flag_southkorea,1,1,1,,100 - flags,CHALLENGE_DESC_FLAG_SOUTH_KOREA,
cardtitle_flag_hongkong,,cardtitle_flag_hongkong,1,1,1,,100 - flags,CHALLENGE_DESC_FLAG_HONG_KONG,
cardtitle_flag_india,,cardtitle_flag_india,1,1,1,,100 - flags,CHALLENGE_DESC_FLAG_INDIA,
cardtitle_flag_taiwan,,cardtitle_flag_taiwan,1,1,1,,100 - flags,CHALLENGE_DESC_FLAG_TAIWAN,
cardtitle_flag_united_arab_emirates,,cardtitle_flag_united_arab_emirates,1,1,1,,100 - flags,CHALLENGE_DESC_FLAG_UNITED_ARAB_EMIRATES,
cardtitle_flag_elsalvador,,cardtitle_flag_elsalvador,1,1,1,,100 - flags,CHALLENGE_DESC_FLAG_EL_SALVADOR,
cardtitle_flag_china,,cardtitle_flag_china,1,1,1,,100 - flags,CHALLENGE_DESC_FLAG_CHINA,
cardtitle_flag_iran,,cardtitle_flag_iran,1,1,1,,100 - flags,CHALLENGE_DESC_FLAG_IRAN,
cardtitle_flag_turkey,,cardtitle_flag_turkey,1,1,1,,100 - flags,CHALLENGE_DESC_FLAG_TURKEY,
